Method,Start_frame_id,Done_frame_id,Collision,Recovery,Smoothness,Status,Time,World,optimal_time,nav_metric
Unknown,0,-1,0,1.9920314756909414e-07,-1.9524482324520012,success,10.04,world_0.world,8.558028082848947,0.5
Unknown,0,-1,0,2.0746883662472272e-07,-1.9042713283334134,success,9.643,world_0.world,8.558028082848947,0.5
Unknown,0,-1,0,2.252251744988346e-07,-2.219544047328652,success,8.883000000000001,world_0.world,6.061104500395256,0.5
